timestamp_iso,elapsed_s,frame_index,event,raw_image,marked_image,uses_last_available_frame,images_saved
2026-08-25T22:04:37.750-03:00,292.641404,7738,intensity_drop,eventos\evento_0001_intensity_drop_raw.png,eventos\evento_0001_intensity_drop_marcado.png,0,1
2026-08-25T22:04:37.860-03:00,292.753734,7741,signal_lost,eventos\evento_0002_signal_lost_raw.png,eventos\evento_0002_signal_lost_marcado.png,0,1
2026-08-25T22:04:37.893-03:00,292.793040,7742,signal_recovered,eventos\evento_0003_signal_recovered_raw.png,eventos\evento_0003_signal_recovered_marcado.png,0,1
2026-08-25T22:04:44.597-03:00,299.487003,7919,spot_expanded,eventos\evento_0004_spot_expanded_raw.png,eventos\evento_0004_spot_expanded_marcado.png,0,1
2026-08-25T22:04:44.621-03:00,299.523896,7920,signal_lost,eventos\evento_0005_signal_lost_raw.png,eventos\evento_0005_signal_lost_marcado.png,0,1
2026-08-25T22:04:44.669-03:00,299.562668,7921,signal_recovered,eventos\evento_0006_signal_recovered_raw.png,eventos\evento_0006_signal_recovered_marcado.png,0,1
2026-08-25T22:04:59.088-03:00,313.984443,8302,intensity_drop,eventos\evento_0007_intensity_drop_raw.png,eventos\evento_0007_intensity_drop_marcado.png,0,1
2026-08-25T22:15:58.004-03:00,972.881603,25724,intensity_drop,eventos\evento_0008_intensity_drop_raw.png,eventos\evento_0008_intensity_drop_marcado.png,0,1
2026-08-25T22:22:40.085-03:00,1374.944967,36355,intensity_drop,eventos\evento_0009_intensity_drop_raw.png,eventos\evento_0009_intensity_drop_marcado.png,0,1
2026-08-25T22:25:46.988-03:00,1561.850258,41297,intensity_drop,eventos\evento_0010_intensity_drop_raw.png,eventos\evento_0010_intensity_drop_marcado.png,0,1
2026-08-25T22:52:38.267-03:00,3173.092208,83900,signal_lost,eventos\evento_0011_signal_lost_raw.png,eventos\evento_0011_signal_lost_marcado.png,0,1
2026-08-25T22:52:38.315-03:00,3173.131123,83901,signal_recovered,eventos\evento_0012_signal_recovered_raw.png,eventos\evento_0012_signal_recovered_marcado.png,0,1
2026-08-25T23:07:01.964-03:00,4036.747070,106736,intensity_drop,eventos\evento_0013_intensity_drop_raw.png,eventos\evento_0013_intensity_drop_marcado.png,0,1
2026-08-25T23:11:41.147-03:00,4315.932557,114118,signal_lost,eventos\evento_0014_signal_lost_raw.png,eventos\evento_0014_signal_lost_marcado.png,0,1
2026-08-25T23:11:41.195-03:00,4315.971920,114119,signal_recovered,eventos\evento_0015_signal_recovered_raw.png,eventos\evento_0015_signal_recovered_marcado.png,0,1
2026-08-26T00:44:28.020-03:00,9882.642777,261308,spot_expanded,eventos\evento_0016_spot_expanded_raw.png,eventos\evento_0016_spot_expanded_marcado.png,0,1
2026-08-26T00:44:28.192-03:00,9882.830131,261313,signal_lost,eventos\evento_0017_signal_lost_raw.png,eventos\evento_0017_signal_lost_marcado.png,0,1
2026-08-26T00:44:28.357-03:00,9882.985207,261317,signal_recovered,eventos\evento_0018_signal_recovered_raw.png,eventos\evento_0018_signal_recovered_marcado.png,0,1
2026-08-26T00:44:38.925-03:00,9893.549091,261595,intensity_drop,eventos\evento_0019_intensity_drop_raw.png,eventos\evento_0019_intensity_drop_marcado.png,0,1
2026-08-26T00:44:45.129-03:00,9899.751782,261759,intensity_drop,eventos\evento_0020_intensity_drop_raw.png,eventos\evento_0020_intensity_drop_marcado.png,0,1
2026-08-26T01:38:11.232-03:00,13105.777707,346530,signal_lost,eventos\evento_0021_signal_lost_raw.png,eventos\evento_0021_signal_lost_marcado.png,0,1
2026-08-26T01:38:11.268-03:00,13105.816864,346531,signal_recovered,eventos\evento_0022_signal_recovered_raw.png,eventos\evento_0022_signal_recovered_marcado.png,0,1
2026-08-26T03:05:55.758-03:00,18370.161563,485719,signal_lost,eventos\evento_0023_signal_lost_raw.png,eventos\evento_0023_signal_lost_marcado.png,0,1
2026-08-26T03:05:55.808-03:00,18370.200648,485720,signal_recovered,eventos\evento_0024_signal_recovered_raw.png,eventos\evento_0024_signal_recovered_marcado.png,0,1
2026-08-26T03:38:33.291-03:00,20327.640596,537477,intensity_drop,eventos\evento_0025_intensity_drop_raw.png,eventos\evento_0025_intensity_drop_marcado.png,0,1
2026-08-26T03:46:08.743-03:00,20783.069426,549519,intensity_drop,eventos\evento_0026_intensity_drop_raw.png,eventos\evento_0026_intensity_drop_marcado.png,0,1
2026-08-26T03:49:00.142-03:00,20954.468882,554051,spot_expanded,eventos\evento_0027_spot_expanded_raw.png,eventos\evento_0027_spot_expanded_marcado.png,0,1
2026-08-26T03:49:00.438-03:00,20954.770401,554059,signal_lost,eventos\evento_0028_signal_lost_raw.png,eventos\evento_0028_signal_lost_marcado.png,0,1
2026-08-26T03:49:00.543-03:00,20954.862706,554061,signal_recovered,eventos\evento_0029_signal_recovered_raw.png,eventos\evento_0029_signal_recovered_marcado.png,0,1
2026-08-26T03:49:04.734-03:00,20959.057226,554171,spot_shrank,eventos\evento_0030_spot_shrank_raw.png,eventos\evento_0030_spot_shrank_marcado.png,0,1
2026-08-26T03:49:13.469-03:00,20967.793697,554402,intensity_drop,eventos\evento_0031_intensity_drop_raw.png,eventos\evento_0031_intensity_drop_marcado.png,0,1
2026-08-26T03:49:13.660-03:00,20967.982668,554407,spot_expanded,eventos\evento_0032_spot_expanded_raw.png,eventos\evento_0032_spot_expanded_marcado.png,0,1
2026-08-26T03:49:13.850-03:00,20968.172773,554412,sudden_position_jump,eventos\evento_0033_sudden_position_jump_raw.png,eventos\evento_0033_sudden_position_jump_marcado.png,0,1
2026-08-26T03:49:17.682-03:00,20972.028045,554514,signal_lost,eventos\evento_0034_signal_lost_raw.png,eventos\evento_0034_signal_lost_marcado.png,0,1
2026-08-26T03:49:18.748-03:00,20973.064102,554540,signal_recovered;spot_expanded,eventos\evento_0035_signal_recovered-spot_expanded_raw.png,eventos\evento_0035_signal_recovered-spot_expanded_marcado.png,0,1
2026-08-26T03:49:24.927-03:00,20979.257844,554698,signal_recovered;sudden_position_jump;spot_expanded,eventos\evento_0036_signal_recovered-sudden_position_jump-spot_expanded_raw.png,eventos\evento_0036_signal_recovered-sudden_position_jump-spot_expanded_marcado.png,0,1
2026-08-26T03:49:24.959-03:00,20979.294249,554699,signal_lost,eventos\evento_0037_signal_lost_raw.png,eventos\evento_0037_signal_lost_marcado.png,0,1
2026-08-26T03:49:29.297-03:00,20983.620318,554812,intensity_drop,eventos\evento_0038_intensity_drop_raw.png,eventos\evento_0038_intensity_drop_marcado.png,0,1
2026-08-26T03:49:42.184-03:00,20996.517092,555153,intensity_drop,eventos\evento_0039_intensity_drop_raw.png,eventos\evento_0039_intensity_drop_marcado.png,0,1
2026-08-26T04:28:19.485-03:00,23313.740118,616423,spot_expanded,eventos\evento_0040_spot_expanded_raw.png,eventos\evento_0040_spot_expanded_marcado.png,0,1
2026-08-26T04:28:22.155-03:00,23316.424151,616494,signal_lost,eventos\evento_0041_signal_lost_raw.png,eventos\evento_0041_signal_lost_marcado.png,0,1
2026-08-26T04:28:22.203-03:00,23316.463971,616495,signal_recovered,eventos\evento_0042_signal_recovered_raw.png,eventos\evento_0042_signal_recovered_marcado.png,0,1
2026-08-26T04:28:33.546-03:00,23327.809142,616795,intensity_drop,eventos\evento_0043_intensity_drop_raw.png,eventos\evento_0043_intensity_drop_marcado.png,0,1
2026-08-26T04:40:05.093-03:00,24019.343836,635080,signal_lost,eventos\evento_0044_signal_lost_raw.png,eventos\evento_0044_signal_lost_marcado.png,0,1
2026-08-26T04:40:05.141-03:00,24019.383167,635081,signal_recovered,eventos\evento_0045_signal_recovered_raw.png,eventos\evento_0045_signal_recovered_marcado.png,0,1
2026-08-26T04:42:18.918-03:00,24153.153321,638618,intensity_drop,eventos\evento_0046_intensity_drop_raw.png,eventos\evento_0046_intensity_drop_marcado.png,0,1
2026-08-26T04:55:41.062-03:00,24955.274938,659827,intensity_drop,eventos\evento_0047_intensity_drop_raw.png,eventos\evento_0047_intensity_drop_marcado.png,0,1
2026-08-26T05:03:28.513-03:00,25422.728329,672187,intensity_drop,eventos\evento_0048_intensity_drop_raw.png,eventos\evento_0048_intensity_drop_marcado.png,0,1
2026-08-26T05:07:18.213-03:00,25652.408848,678260,intensity_drop,eventos\evento_0049_intensity_drop_raw.png,eventos\evento_0049_intensity_drop_marcado.png,0,1
2026-08-26T05:07:24.302-03:00,25658.497507,678421,intensity_drop,eventos\evento_0050_intensity_drop_raw.png,eventos\evento_0050_intensity_drop_marcado.png,0,1
2026-08-26T05:07:34.251-03:00,25668.444394,678684,intensity_drop,eventos\evento_0051_intensity_drop_raw.png,eventos\evento_0051_intensity_drop_marcado.png,0,1
2026-08-26T05:07:42.410-03:00,25676.613302,678900,intensity_increase,eventos\evento_0052_intensity_increase_raw.png,eventos\evento_0052_intensity_increase_marcado.png,0,1
2026-08-26T05:16:25.964-03:00,26200.155994,692743,signal_lost,eventos\evento_0053_signal_lost_raw.png,eventos\evento_0053_signal_lost_marcado.png,0,1
2026-08-26T05:16:26.067-03:00,26200.248493,692745,signal_recovered,eventos\evento_0054_signal_recovered_raw.png,eventos\evento_0054_signal_recovered_marcado.png,0,1
2026-08-26T05:17:32.268-03:00,26266.457763,694496,signal_lost,eventos\evento_0055_signal_lost_raw.png,eventos\evento_0055_signal_lost_marcado.png,0,1
2026-08-26T05:17:32.312-03:00,26266.497727,694497,signal_recovered,eventos\evento_0056_signal_recovered_raw.png,eventos\evento_0056_signal_recovered_marcado.png,0,1
2026-08-26T05:23:52.215-03:00,26646.396107,704542,signal_lost,eventos\evento_0057_signal_lost_raw.png,eventos\evento_0057_signal_lost_marcado.png,0,1
2026-08-26T05:23:52.267-03:00,26646.435388,704543,signal_recovered,eventos\evento_0058_signal_recovered_raw.png,eventos\evento_0058_signal_recovered_marcado.png,0,1
2026-08-26T05:58:55.376-03:00,28749.495303,760150,signal_lost,eventos\evento_0059_signal_lost_raw.png,eventos\evento_0059_signal_lost_marcado.png,0,1
2026-08-26T05:58:55.424-03:00,28749.533692,760151,signal_recovered,eventos\evento_0060_signal_recovered_raw.png,eventos\evento_0060_signal_recovered_marcado.png,0,1
